1,1,7980916,489,viewed - poked 
2,2,3346316,775,viewed - direct message
3,3,5388300,293,viewed - disliked
4,4,992584,930,viewed - direct message
5,5,9632360,238,viewed - lefft a note
6,6,625761,936,viewed - saved
7,7,7010947,904,viewed - liked
8,8,609682,857,viewed - liked
9,9,8311163,191,viewed - poked 
10,10,4856450,898,viewed - None
11,11,155478,306,viewed - poked 
12,12,1800207,951,viewed - followed
13,13,4774153,466,viewed - sad
14,14,9115070,537,viewed - direct message
15,15,2251502,872,viewed - shared
16,16,7852086,280,viewed - saved
17,17,1889900,339,viewed - loved
18,18,7699308,664,viewed - liked
19,19,3123903,15,viewed - disliked
20,20,5655804,810,viewed - None
21,21,9525789,691,viewed - disliked
22,22,2944317,626,viewed - loved
23,23,6803000,847,viewed - direct message
24,24,8644975,336,viewed - poked 
25,25,6724866,686,viewed - lefft a note
26,26,3100115,144,viewed - lefft a note
27,27,5429136,959,viewed - shared
28,28,114591,268,viewed - loved
29,29,3951391,458,viewed - poked 
30,30,5530195,310,viewed - disliked
31,31,9611288,12,viewed - followed
32,32,6032284,710,viewed - disliked
33,33,1042274,684,viewed - loved
34,34,7808033,315,viewed - lefft a note
35,35,6801763,703,viewed - liked
36,36,5217345,707,viewed - saved
37,37,4949910,377,viewed - lefft a note
38,38,3705236,225,viewed - followed
39,39,8022562,157,viewed - liked
40,40,6268385,426,viewed - shared
41,41,9214626,935,viewed - None
42,42,9018051,822,viewed - shared
43,43,3664339,781,viewed - direct message
44,44,9996108,895,viewed - loved
45,45,8816539,458,viewed - lefft a note
46,46,6069743,80,viewed - saved
47,47,1882552,64,viewed - followed
48,48,8480666,208,viewed - saved
49,49,9003664,154,viewed - followed
50,50,5504901,875,viewed - liked
51,51,7412855,120,viewed - saved
52,52,3446066,735,viewed - direct message
53,53,8201173,94,viewed - followed
54,54,7473960,829,viewed - saved
55,55,7607332,136,viewed - poked 
56,56,6969668,468,viewed - saved
57,57,968663,573,viewed - followed
58,58,5170228,741,viewed - shared
59,59,6642918,261,viewed - poked 
60,60,3655778,593,viewed - poked 
61,61,759837,434,viewed - lefft a note
62,62,1069714,555,viewed - sad
63,63,1157950,957,viewed - poked 
64,64,532423,294,viewed - shared
65,65,3019586,788,viewed - poked 
66,66,7052504,384,viewed - liked
67,67,7525205,891,viewed - poked 
68,68,6302287,83,viewed - poked 
69,69,9047958,137,viewed - direct message
70,70,5834611,122,viewed - direct message
71,71,9013702,403,viewed - liked
72,72,2136530,746,viewed - saved
73,73,58273,775,viewed - loved
74,74,5005701,475,viewed - poked 
75,75,9134278,435,viewed - direct message
76,76,6363204,844,viewed - saved
77,77,4152563,472,viewed - loved
78,78,2602505,283,viewed - sad
79,79,1893219,33,viewed - loved
80,80,7033691,630,viewed - direct message
81,81,4037711,212,viewed - poked 
82,82,1692766,609,viewed - lefft a note
83,83,7490039,613,viewed - poked 
84,84,816654,251,viewed - direct message
85,85,742170,412,viewed - None
86,86,3931561,553,viewed - shared
87,87,946974,144,viewed - loved
88,88,4853036,240,viewed - saved
89,89,9665528,327,viewed - None
90,90,5379868,243,viewed - followed
91,91,2403512,677,viewed - disliked
92,92,3708482,424,viewed - saved
93,93,4616317,63,viewed - disliked
94,94,9926528,901,viewed - saved
95,95,2938248,642,viewed - None
96,96,7167237,570,viewed - direct message
97,97,786585,996,viewed - shared
98,98,6394714,805,viewed - sad
99,99,5347477,714,viewed - saved
100,100,6849453,153,viewed - poked 
