1,30,76,1636968955,Followed for shared interests
2,91,81,1593658606,Followed for professional networking
3,5,43,1596875425,Followed for common goals
4,36,86,1708157262,Started following for professional networking
5,17,93,1731143013,Connected due to industry connections
6,32,61,1687124127,Followed for professional networking
7,13,85,1693564221,Connected due to hobby groups
8,53,60,1592396266,Started following for creative work
9,83,13,1594125390,Started following for similar background
10,44,14,1644602976,Followed for professional networking
11,69,58,1615484699,Followed for similar background
12,36,60,1644911707,Connected due to mutual friends
13,71,13,1591434501,Started following for creative work
14,2,12,1641307436,Connected due to interesting content
15,63,62,1635232152,Followed for similar background
16,22,49,1578433378,Connected due to similar background
17,59,37,1691405006,Started following for helpful posts
18,72,85,1708494663,Followed for interesting content
19,38,28,1593553789,Started following for industry connections
20,70,8,1662037451,Followed for shared interests
21,75,62,1712837670,Followed for common goals
22,8,66,1599359557,Followed for interesting content
23,77,9,1759105788,Connected due to professional networking
24,16,73,1643947729,Started following for industry connections
25,6,80,1599862053,Started following for similar background
26,75,73,1718188217,Connected due to hobby groups
27,27,86,1662192889,Connected due to professional networking
28,51,17,1758160271,Connected due to creative work
29,59,41,1597327944,Connected due to shared interests
30,80,73,1604693313,Started following for mutual friends
31,28,65,1649043994,Connected due to interesting content
32,9,32,1677048973,Followed for local community
33,57,70,1766709860,Started following for local community
34,84,68,1579954799,Started following for creative work
35,39,85,1605661089,Connected due to interesting content
36,15,14,1726359641,Connected due to interesting content
37,37,78,1634395266,Connected due to helpful posts
38,27,88,1748106754,Started following for local community
39,63,33,1591491024,Started following for mutual friends
40,55,36,1589689250,Connected due to shared interests
41,99,17,1748878619,Followed for local community
42,95,57,1725945385,Connected due to helpful posts
43,72,2,1607885716,Started following for mutual friends
44,20,70,1587526029,Started following for hobby groups
45,71,19,1693224793,Followed for interesting content
46,40,47,1588563998,Followed for hobby groups
47,88,32,1756883375,Connected due to mutual friends
48,100,72,1686940899,Started following for industry connections
49,20,31,1621476035,Connected due to interesting content
50,4,23,1667025156,Started following for similar background
51,95,32,1649474912,Started following for interesting content
52,14,49,1588249856,Followed for recommended by friends
53,26,59,1671715518,Followed for local community
54,29,4,1755031109,Connected due to professional networking
55,43,36,1596489791,Connected due to local community
56,83,66,1685142649,Started following for creative work
57,43,4,1608816614,Followed for local community
58,75,34,1588124388,Started following for mutual friends
59,56,45,1662056913,Started following for similar background
60,66,15,1681254910,Followed for industry connections
61,33,6,1694908099,Started following for shared interests
62,69,88,1757875268,Connected due to professional networking
63,56,9,1756159745,Started following for hobby groups
64,41,85,1611308653,Connected due to helpful posts
65,65,40,1756872500,Connected due to similar background
66,52,90,1657219138,Followed for common goals
67,25,54,1756345434,Started following for similar background
68,96,23,1743080826,Connected due to industry connections
69,52,71,1577963768,Connected due to local community
70,27,56,1733543278,Started following for industry connections
71,42,60,1696445830,Started following for recommended by friends
72,28,66,1704874748,Followed for helpful posts
73,85,11,1654033133,Started following for common goals
74,82,80,1667831213,Followed for mutual friends
75,87,40,1638156319,Followed for professional networking
76,4,6,1643579219,Started following for recommended by friends
77,99,10,1700104646,Started following for similar background
78,74,25,1764780970,Connected due to similar background
79,52,32,1617468180,Started following for creative work
80,1,97,1606466609,Followed for similar background
81,23,90,1716893025,Followed for recommended by friends
82,72,32,1610431751,Followed for recommended by friends
83,60,86,1720429428,Started following for common goals
84,41,97,1696657199,Started following for industry connections
85,65,55,1724923057,Followed for recommended by friends
86,96,61,1698669481,Followed for local community
87,82,36,1717790153,Started following for recommended by friends
88,31,36,1695932201,Started following for mutual friends
89,37,31,1650792769,Connected due to hobby groups
90,70,11,1614999304,Followed for interesting content
91,50,89,1618873150,Followed for helpful posts
92,9,54,1687268923,Started following for hobby groups
93,60,54,1594569125,Connected due to professional networking
94,50,99,1734642423,Followed for helpful posts
95,98,74,1679962555,Followed for recommended by friends
96,46,39,1682541043,Started following for similar background
97,96,95,1724456074,Followed for industry connections
98,63,29,1651120315,Connected due to similar background
99,4,50,1668083886,Started following for creative work
100,52,93,1622158657,Followed for recommended by friends
101,80,69,1585093551,Started following for similar background
102,73,85,1585129951,Started following for mutual friends
103,55,18,1701791033,Followed for interesting content
104,34,49,1665727862,Connected due to professional networking
105,42,44,1679625718,Connected due to local community
106,33,11,1704101830,Started following for shared interests
107,70,7,1671796564,Started following for professional networking
108,9,100,1752808858,Followed for shared interests
109,32,26,1583325519,Followed for industry connections
110,31,17,1704975379,Followed for creative work
111,73,28,1702686409,Connected due to helpful posts
112,99,48,1622895355,Started following for industry connections
113,96,92,1608599482,Connected due to interesting content
114,14,75,1584747798,Started following for local community
115,87,49,1684330914,Followed for helpful posts
116,10,76,1763240195,Followed for creative work
117,14,90,1658810284,Started following for creative work
118,16,73,1588879211,Started following for hobby groups
119,55,85,1677329163,Started following for mutual friends
120,83,44,1581251084,Connected due to similar background
121,14,56,1675078910,Connected due to creative work
122,91,20,1694754990,Started following for interesting content
123,67,84,1650354490,Started following for industry connections
124,100,62,1702643403,Started following for similar background
125,76,35,1664372776,Followed for professional networking
126,36,58,1643316392,Started following for recommended by friends
127,79,86,1679588966,Followed for hobby groups
128,64,42,1626667064,Followed for recommended by friends
129,46,34,1669213812,Started following for local community
130,90,36,1727048818,Started following for shared interests
131,25,11,1642643321,Connected due to helpful posts
132,63,72,1642366264,Connected due to helpful posts
133,83,92,1709608648,Followed for recommended by friends
134,12,38,1637339131,Started following for similar background
135,32,40,1756085211,Connected due to industry connections
136,61,71,1720373071,Connected due to hobby groups
137,96,71,1666650913,Started following for hobby groups
138,59,35,1660163282,Followed for local community
139,16,93,1629551252,Followed for hobby groups
140,96,69,1763119168,Followed for interesting content
141,28,95,1707830868,Started following for local community
142,76,98,1718685937,Connected due to industry connections
143,13,25,1657377854,Connected due to professional networking
144,23,39,1581652722,Started following for helpful posts
145,17,36,1590072827,Started following for shared interests
146,38,90,1611752692,Connected due to creative work
147,14,2,1731953991,Connected due to local community
148,62,57,1669312353,Followed for interesting content
149,33,62,1608479832,Connected due to mutual friends
150,63,10,1732747736,Started following for creative work
151,7,20,1617904720,Connected due to industry connections
152,11,32,1609651399,Connected due to common goals
153,78,77,1743860212,Started following for professional networking
154,49,58,1696696814,Started following for local community
155,55,40,1730495110,Followed for industry connections
156,79,95,1604492608,Started following for professional networking
157,28,34,1755137129,Followed for mutual friends
158,31,23,1726029090,Followed for mutual friends
159,1,53,1698785966,Started following for helpful posts
160,61,38,1586616495,Connected due to professional networking
161,91,37,1766561584,Followed for recommended by friends
162,88,30,1648870641,Started following for creative work
163,85,26,1691977173,Started following for mutual friends
164,29,83,1617848836,Followed for local community
165,10,8,1622394358,Started following for local community
166,96,73,1655328115,Followed for recommended by friends
167,60,89,1659483656,Connected due to helpful posts
168,35,65,1722804997,Connected due to recommended by friends
169,11,77,1588554847,Started following for similar background
170,42,78,1645062422,Followed for shared interests
171,30,87,1732258634,Followed for industry connections
172,98,87,1650201114,Followed for industry connections
173,98,97,1624882203,Started following for recommended by friends
174,84,57,1652521887,Started following for interesting content
175,56,82,1709851439,Connected due to mutual friends
176,45,53,1667326591,Started following for hobby groups
177,14,21,1666385797,Started following for similar background
178,64,37,1755715713,Started following for similar background
179,5,59,1601493170,Connected due to hobby groups
180,42,15,1686349715,Followed for common goals
181,85,70,1701865631,Followed for similar background
182,25,67,1674969207,Connected due to industry connections
183,81,57,1591709231,Connected due to professional networking
184,71,17,1655172035,Started following for recommended by friends
185,63,16,1585604381,Started following for creative work
186,31,91,1620369115,Started following for local community
187,2,71,1687373967,Followed for mutual friends
188,15,60,1609386878,Followed for creative work
189,64,92,1656200790,Started following for common goals
190,35,54,1707374793,Followed for recommended by friends
191,59,71,1616681832,Followed for similar background
192,77,66,1614498479,Connected due to mutual friends
193,99,54,1669089364,Connected due to common goals
194,1,37,1657997775,Started following for industry connections
195,85,63,1617743078,Started following for recommended by friends
196,62,45,1667093470,Started following for common goals
197,49,59,1664231249,Started following for professional networking
198,31,74,1680657754,Connected due to professional networking
199,6,41,1704818394,Connected due to helpful posts
200,50,85,1752879817,Connected due to interesting content
201,5,17,1712687553,Connected due to industry connections
202,13,57,1604620955,Connected due to common goals
203,2,93,1616551224,Started following for similar background
204,20,10,1703882723,Connected due to local community
205,80,89,1684553417,Followed for creative work
206,43,87,1721097949,Connected due to similar background
207,81,92,1708837204,Followed for common goals
208,80,9,1640875457,Started following for creative work
209,37,30,1602115817,Followed for similar background
210,98,82,1766804055,Connected due to mutual friends
211,22,89,1658242112,Followed for shared interests
212,42,8,1656605113,Connected due to hobby groups
213,56,19,1643406049,Connected due to common goals
214,73,88,1626188453,Followed for interesting content
215,11,79,1680543253,Started following for industry connections
216,31,64,1734394851,Followed for interesting content
217,60,82,1646031323,Connected due to recommended by friends
218,86,2,1702745269,Started following for local community
219,70,21,1597681953,Connected due to recommended by friends
220,76,39,1749368601,Started following for similar background
221,33,59,1658954968,Connected due to professional networking
222,62,14,1641529221,Started following for similar background
223,46,74,1657277439,Connected due to helpful posts
224,3,85,1684103095,Followed for local community
225,73,88,1591020014,Started following for industry connections
226,64,37,1639626735,Connected due to industry connections
227,29,82,1628892967,Connected due to industry connections
228,87,97,1754802496,Followed for creative work
229,81,13,1746286803,Followed for creative work
230,40,57,1586811022,Connected due to industry connections
231,94,17,1602049793,Connected due to local community
232,96,54,1625002823,Followed for professional networking
233,70,47,1720354399,Connected due to common goals
234,22,33,1707199841,Started following for local community
235,44,15,1703571548,Followed for mutual friends
236,97,29,1759404067,Started following for helpful posts
237,51,72,1676041793,Connected due to mutual friends
238,2,34,1721889833,Connected due to mutual friends
239,48,87,1758334909,Started following for local community
240,49,82,1677571496,Started following for mutual friends
241,30,61,1584572302,Started following for industry connections
242,42,79,1637277604,Followed for creative work
243,82,60,1766048769,Started following for local community
244,53,15,1615375907,Followed for shared interests
245,39,64,1609025654,Followed for mutual friends
246,69,18,1682181120,Connected due to recommended by friends
247,86,96,1764815796,Connected due to common goals
248,76,96,1619334224,Started following for similar background
249,13,63,1743117683,Connected due to similar background
250,5,89,1677318179,Connected due to professional networking
251,57,31,1675212593,Started following for mutual friends
252,48,70,1750949178,Followed for hobby groups
253,51,36,1628806146,Connected due to mutual friends
254,12,85,1634791521,Started following for creative work
255,77,3,1591431865,Followed for hobby groups
256,17,73,1632939252,Started following for mutual friends
257,27,76,1635823799,Connected due to professional networking
258,100,19,1737837402,Connected due to shared interests
259,19,17,1722867783,Followed for local community
260,15,85,1584775107,Followed for interesting content
261,46,31,1735923802,Followed for hobby groups
262,23,34,1591920555,Started following for interesting content
263,54,68,1608362302,Followed for helpful posts
264,61,58,1675038897,Started following for common goals
265,14,58,1713102969,Started following for professional networking
266,6,94,1754727747,Connected due to common goals
267,59,83,1586216736,Connected due to shared interests
268,52,55,1762027694,Connected due to mutual friends
269,92,57,1597582312,Connected due to mutual friends
270,78,19,1595486241,Connected due to interesting content
271,80,82,1734987436,Started following for common goals
272,42,49,1738215954,Connected due to common goals
273,59,65,1740372817,Followed for similar background
274,90,15,1753602971,Started following for creative work
275,93,28,1693300820,Followed for recommended by friends
276,53,44,1699589984,Connected due to similar background
277,94,13,1661753859,Connected due to similar background
278,86,33,1678330464,Started following for interesting content
279,61,9,1602342766,Followed for mutual friends
280,56,13,1677886428,Started following for interesting content
281,8,76,1728604505,Connected due to common goals
282,86,16,1688130403,Started following for hobby groups
283,97,55,1591664750,Started following for local community
284,40,46,1605664864,Started following for industry connections
285,28,20,1754146108,Followed for recommended by friends
286,14,45,1727176176,Followed for hobby groups
287,98,36,1731963597,Connected due to professional networking
288,72,99,1744747512,Started following for industry connections
289,83,72,1584902259,Started following for industry connections
290,89,35,1585626861,Connected due to interesting content
291,90,98,1660797244,Connected due to hobby groups
292,1,24,1616308579,Started following for industry connections
293,52,9,1615938986,Started following for helpful posts
294,4,12,1720255162,Connected due to professional networking
295,54,59,1669363369,Connected due to interesting content
296,40,93,1664930668,Started following for industry connections
297,11,7,1619617963,Started following for interesting content
298,7,87,1599754174,Connected due to local community
299,85,55,1708223621,Connected due to industry connections
300,54,35,1635721153,Followed for common goals
301,45,56,1607621546,Started following for local community
302,87,76,1708484284,Started following for common goals
303,40,6,1637049767,Started following for similar background
304,8,1,1632729215,Followed for local community
305,99,18,1646445295,Connected due to local community
306,16,1,1711370657,Connected due to helpful posts
307,23,17,1679915958,Started following for common goals
308,30,65,1727836014,Connected due to creative work
309,10,51,1589210227,Followed for similar background
310,59,10,1661891372,Connected due to industry connections
311,74,52,1749691520,Connected due to similar background
312,15,52,1583453438,Followed for hobby groups
313,80,59,1762970585,Followed for hobby groups
314,56,14,1643169568,Started following for similar background
315,52,68,1598966467,Connected due to similar background
316,96,44,1637332596,Followed for hobby groups
317,10,66,1747834752,Started following for mutual friends
318,66,25,1671639509,Started following for hobby groups
319,83,19,1641277736,Followed for mutual friends
320,33,26,1624428089,Followed for industry connections
321,98,84,1598082290,Started following for interesting content
322,64,60,1729181390,Connected due to industry connections
323,88,73,1750456605,Started following for creative work
324,42,81,1662717689,Connected due to interesting content
325,9,61,1696559122,Connected due to creative work
326,36,76,1592933388,Started following for hobby groups
327,10,40,1701802854,Followed for recommended by friends
328,8,48,1654916454,Started following for mutual friends
329,12,79,1737326886,Connected due to common goals
330,60,75,1726652966,Followed for helpful posts
331,58,74,1752831085,Connected due to professional networking
332,78,61,1712439561,Followed for interesting content
333,58,14,1670045675,Followed for helpful posts
334,65,83,1624175730,Followed for shared interests
335,91,57,1695811189,Started following for common goals
336,79,21,1675537914,Connected due to hobby groups
337,50,53,1668684539,Started following for creative work
338,7,81,1751614508,Followed for hobby groups
339,43,13,1727631909,Connected due to creative work
340,37,33,1754099878,Followed for industry connections
341,43,11,1734282747,Followed for creative work
342,45,40,1753963147,Started following for helpful posts
343,51,17,1737584962,Followed for helpful posts
344,40,72,1678968881,Connected due to creative work
345,17,86,1766519525,Started following for helpful posts
346,68,12,1751270766,Connected due to creative work
347,66,47,1582748523,Connected due to hobby groups
348,24,28,1669587877,Followed for recommended by friends
349,29,18,1619447579,Connected due to mutual friends
350,13,65,1722748409,Started following for helpful posts
351,5,85,1668254297,Followed for industry connections
352,77,49,1619261710,Followed for interesting content
353,89,99,1745557295,Started following for interesting content
354,57,6,1688143819,Started following for hobby groups
355,93,31,1697093482,Connected due to industry connections
356,97,96,1698362982,Started following for professional networking
357,31,40,1703755216,Connected due to professional networking
358,87,74,1696126765,Connected due to recommended by friends
359,100,49,1712852787,Connected due to common goals
360,21,26,1740167908,Connected due to interesting content
361,7,83,1706862371,Started following for hobby groups
362,14,92,1716343171,Connected due to mutual friends
363,11,98,1620888315,Connected due to local community
364,66,19,1695287947,Followed for mutual friends
365,58,45,1585014025,Followed for similar background
366,51,65,1678239323,Connected due to professional networking
367,11,48,1638128965,Connected due to shared interests
368,13,92,1752327292,Followed for hobby groups
369,18,5,1654863401,Started following for recommended by friends
370,18,98,1703780591,Started following for recommended by friends
371,1,11,1582956117,Followed for local community
372,20,71,1741299807,Connected due to common goals
373,15,100,1655191478,Connected due to professional networking
374,16,7,1641860416,Started following for similar background
375,80,59,1594714467,Connected due to mutual friends
376,77,69,1582266630,Started following for creative work
377,74,31,1616395915,Connected due to local community
378,1,79,1672563134,Started following for professional networking
379,54,24,1756195613,Followed for creative work
380,68,47,1596022329,Started following for common goals
381,65,71,1583313248,Connected due to similar background
382,6,82,1681707462,Connected due to hobby groups
383,96,3,1673711456,Connected due to mutual friends
384,31,94,1754244918,Followed for creative work
385,99,75,1667114584,Followed for interesting content
386,46,70,1668732887,Followed for creative work
387,100,88,1702576058,Connected due to helpful posts
388,81,24,1614054014,Started following for mutual friends
389,100,59,1587782561,Followed for local community
390,6,26,1589103840,Connected due to hobby groups
391,66,51,1723623492,Connected due to recommended by friends
392,5,97,1751505831,Connected due to professional networking
393,46,100,1590687096,Connected due to creative work
394,35,16,1676644194,Connected due to similar background
395,96,57,1681643965,Followed for hobby groups
396,64,89,1711407718,Started following for hobby groups
397,35,11,1691805560,Connected due to mutual friends
398,78,24,1724279468,Connected due to local community
399,14,11,1665880129,Connected due to creative work
400,40,58,1739619811,Connected due to helpful posts
401,22,89,1697015549,Connected due to hobby groups
402,6,94,1672494219,Connected due to industry connections
403,36,82,1593251739,Started following for mutual friends
404,82,52,1675380389,Started following for common goals
405,87,21,1586214047,Started following for interesting content
406,87,57,1587196077,Followed for interesting content
407,31,100,1751039391,Connected due to hobby groups
408,50,73,1586548168,Followed for industry connections
409,87,58,1677434827,Connected due to hobby groups
410,98,10,1731915754,Started following for interesting content
411,47,51,1662246999,Connected due to creative work
412,32,15,1584810858,Followed for helpful posts
413,64,67,1681735932,Followed for common goals
414,34,100,1647725802,Connected due to helpful posts
415,28,79,1654513758,Connected due to helpful posts
416,26,16,1614289119,Connected due to mutual friends
417,23,92,1697338424,Started following for mutual friends
418,41,86,1671116066,Followed for helpful posts
419,71,70,1655798330,Followed for local community
420,92,91,1765818475,Followed for creative work
421,47,66,1638049200,Followed for mutual friends
422,18,31,1710467804,Connected due to shared interests
423,71,74,1676883637,Started following for recommended by friends
424,17,79,1600998092,Connected due to mutual friends
425,51,92,1706345486,Connected due to common goals
426,99,53,1732178480,Followed for mutual friends
427,41,83,1597763320,Connected due to recommended by friends
428,88,67,1670334782,Started following for interesting content
429,82,76,1626700157,Connected due to interesting content
430,65,8,1611184047,Followed for common goals
431,39,22,1621332475,Started following for hobby groups
432,29,45,1717145364,Followed for local community
433,33,26,1748326639,Connected due to common goals
434,17,81,1659143660,Started following for industry connections
435,12,65,1749918553,Started following for interesting content
436,75,20,1623811116,Started following for creative work
437,93,78,1668483867,Followed for industry connections
438,4,11,1590058359,Started following for creative work
439,34,84,1634443243,Connected due to industry connections
440,80,82,1585984609,Started following for recommended by friends
441,70,38,1750165475,Connected due to local community
442,32,88,1686864432,Connected due to local community
443,10,89,1593937583,Connected due to interesting content
444,54,62,1702527543,Connected due to professional networking
445,78,19,1661763024,Connected due to helpful posts
446,94,45,1684884475,Connected due to interesting content
447,66,72,1606358333,Followed for hobby groups
448,60,16,1649653681,Followed for recommended by friends
449,19,13,1591439054,Connected due to local community
450,79,54,1644499344,Connected due to interesting content
451,74,93,1661798572,Followed for professional networking
452,64,66,1703164529,Connected due to recommended by friends
453,64,3,1602027168,Started following for similar background
454,59,31,1635607190,Connected due to industry connections
455,7,37,1710701951,Started following for industry connections
456,87,61,1654559797,Followed for common goals
457,14,56,1613807686,Started following for local community
458,47,98,1686102491,Followed for hobby groups
459,52,7,1730938612,Followed for common goals
460,47,71,1655325729,Connected due to mutual friends
461,65,58,1725455939,Started following for local community
462,88,79,1609747890,Followed for interesting content
463,51,48,1668877316,Connected due to common goals
464,97,19,1631288993,Started following for industry connections
465,52,65,1588660645,Followed for shared interests
466,18,92,1667254733,Started following for recommended by friends
467,59,20,1740596618,Followed for common goals
468,42,79,1663359554,Connected due to interesting content
469,79,95,1658179906,Connected due to industry connections
470,65,66,1720753685,Started following for recommended by friends
471,73,39,1705332810,Connected due to shared interests
472,43,87,1607276557,Started following for similar background
473,40,93,1762550110,Followed for creative work
474,77,61,1649132582,Started following for creative work
475,74,30,1591640346,Connected due to industry connections
476,22,68,1746707476,Started following for helpful posts
477,100,49,1617523039,Followed for creative work
478,5,74,1765899450,Followed for mutual friends
479,3,57,1662060984,Followed for similar background
480,53,89,1632586556,Started following for similar background
481,100,79,1704450426,Started following for helpful posts
482,8,91,1614921034,Followed for common goals
483,72,42,1755619953,Started following for recommended by friends
484,49,41,1624343103,Started following for recommended by friends
485,44,70,1672957988,Started following for creative work
486,88,83,1763964674,Started following for local community
487,62,25,1644029277,Started following for local community
488,39,29,1657745100,Started following for local community
489,27,89,1767098645,Connected due to recommended by friends
490,62,45,1728309541,Connected due to helpful posts
491,37,16,1731796306,Started following for creative work
492,49,51,1670501183,Connected due to interesting content
493,6,37,1599069102,Connected due to hobby groups
494,84,33,1706456661,Followed for professional networking
495,69,35,1728720363,Connected due to helpful posts
496,18,14,1743124344,Started following for helpful posts
497,31,32,1591482040,Started following for creative work
498,29,82,1640356388,Followed for shared interests
499,53,43,1704664758,Started following for mutual friends
500,99,18,1579245682,Followed for common goals
