1,johnsonjoshua,Account Executive,8,reading
2,jillrhodes,Sports administrator,48,gaming
3,garzaanthony,Marketing Director,15,painting
4,jesseguzman,Surveyor mining,48,hiking
5,jennifermiles,Personnel officer,44,hobbying
6,shaneramirez,Research Assistant,6,traveling
7,helenpeterson,Designer furniture,28,gardening
8,susanrogers,Software Engineer,6,cycling
9,dudleynicholas,Marketing Director,33,birdwatching
10,janetwilliams,Estate agent,2,dancing
11,francisco53,Marketing Director,46,woodworking
12,lynchgeorge,Quality Analyst,35,fishing
13,stevennelson,Marketing Director,29,traveling
14,gabriellecameron,Sales Representative,1,skiing
15,lydiatrujillo,Oncologist,11,tennis
16,dianafoster,Proofreader,28,running
17,josephwright,Surveyor mining,18,painting
18,hernandezernest,Pharmacist hospital,14,skiing
19,cruzcaitlin,Psychotherapist,22,hiking
20,harrellkenneth,Data Scientist,25,hiking
21,ericfarmer,Solicitor Scotland,23,hobbying
22,georgetracy,Operations Manager,17,gardening
23,allenashley,Quality Analyst,30,dancing
24,dennislisa,Site engineer,8,chess
25,davidalvarez,Stage manager,6,dancing
26,josephbrennan,Pharmacologist,19,woodworking
27,sarahcampos,Operations Manager,24,traveling
28,morganbrianna,Event organiser,13,tennis
29,adrianzimmerman,Barrister's clerk,5,gardening
30,carlosjohnson,Account Executive,15,skiing
31,palmerjoshua,Sales Representative,6,swimming
32,ambercummings,Data Scientist,25,gaming
33,brownjessica,Design Engineer,41,hobbying
34,jamesherrera,Project Manager,24,hobbying
35,nancyjones,Statistician,14,pottery
36,williamsyvette,Sales Representative,45,pottery
37,housemelinda,Account Executive,5,birdwatching
38,tanyariley,Account Executive,11,dancing
39,adkinsbrian,Quality Analyst,16,photography
40,brianromero,Electronics engineer,30,chess
41,larsonemma,Farm manager,18,woodworking
42,bethwilliams,Ceramics designer,45,dancing
43,josephanderson,Hydrologist,15,pottery
44,smithchristine,Surveyor quantity,21,skiing
45,jonesjason,Geochemist,50,gardening
46,sarahibarra,Marketing Director,3,running
47,josephjacobs,Financial Analyst,18,cooking
48,gracefarrell,Risk analyst,14,traveling
49,waltersmaria,Quality Analyst,21,cycling
50,landryhannah,Account Executive,32,chess
51,davenportbrandi,Data scientist,42,camping
52,evelynestrada,Project Manager,17,painting
53,theresacochran,Marketing Director,48,dancing
54,whitesandra,Research Assistant,17,hobbying
55,josephcobb,Operations Manager,28,traveling
56,jamessellers,Maintenance engineer,26,hobbying
57,kellerraymond,Marketing Director,9,music
58,rasmussenjoshua,Sales executive,32,cooking
59,beverlyterrell,Arboriculturist,49,gardening
60,carlsonmichael,Data Scientist,10,woodworking
61,cruzbarbara,Project Manager,44,fishing
62,fletcheraaron,Operations Manager,5,chess
63,michaeljones,Financial Analyst,39,camping
64,elizabeth14,Research Assistant,17,dancing
65,elizabeth56,Hotel manager,1,pottery
66,jamesortega,Quality Analyst,8,pottery
67,christinaturner,Sports therapist,35,skiing
68,torresjason,TEFL teacher,18,skiing
69,donnacampbell,Account Executive,22,hiking
70,clarence34,Sales Representative,28,photography
71,dylanwilliams,Design Engineer,1,hobbying
72,gibsonolivia,Quality Analyst,17,music
73,jennifercruz,Office manager,49,photography
74,dylanwatts,Clinical biochemist,33,hiking
75,bryantlaurie,Set designer,41,knitting
76,stephanie79,Retail merchandiser,41,music
77,maryramirez,Operations Manager,13,painting
78,josephflores,HR Specialist,49,photography
79,taylorjesse,Research Assistant,50,music
80,calebrussell,Software Engineer,39,running
81,gateskathy,Design Engineer,2,hiking
82,tracynelson,HR Specialist,20,swimming
83,priceelizabeth,Ophthalmologist,4,swimming
84,marycalhoun,Operations Manager,6,cooking
85,meadowsbrittany,Aid worker,47,drawing
86,cookemichael,Broadcast presenter,5,skiing
87,websterstefanie,Research Assistant,50,painting
88,howelljohn,Public librarian,9,pottery
89,elliottjeffery,Design Engineer,36,photography
90,tamirodriguez,Sales Representative,34,birdwatching
91,charlesvaughn,Financial manager,28,cycling
92,terrykevin,Tourism officer,35,skiing
93,hoganashlee,Quality Analyst,45,cycling
94,alexander67,Quality Analyst,20,chess
95,bzimmerman,Editor commissioning,43,woodworking
96,christina87,HR Specialist,29,music
97,blackjames,Financial controller,29,hiking
98,hannahbrewer,Recycling officer,16,swimming
99,javierwashington,Theme park manager,5,running
100,michaelturner,Software Engineer,38,dancing
