1,johnsonjoshua,Scientist,8,reading
2,jillrhodes,Sports administrator,48,gardening
3,garzaanthony,Laborer,15,hiking
4,jesseguzman,Surveyor mining,48,swimming
5,jennifermiles,Personnel officer,44,woodworking
6,shaneramirez,Artist,6,skiing
7,helenpeterson,Designer furniture,28,traveling
8,susanrogers,Engineer,6,painting
9,dudleynicholas,Laborer,33,collecting
10,janetwilliams,Estate agent,2,surfing
11,francisco53,Laborer,46,digging
12,lynchgeorge,Artist,27,dancing
13,stevennelson,Nurse,38,gardening
14,gabriellecameron,Engineer,49,guitar
15,lydiatrujillo,Oncologist,11,baking
16,dianafoster,Proofreader,28,cycling
17,josephwright,Surveyor mining,18,hiking
18,hernandezernest,Pharmacist hospital,14,scuba diving
19,cruzcaitlin,Psychotherapist,22,swimming
20,harrellkenneth,Worker,25,swimming
21,ericfarmer,Solicitor Scotland,23,chess
22,georgetracy,Electrician,39,gardening
23,allenashley,Engineer,47,knitting
24,dennislisa,Site engineer,35,swimming
25,davidalvarez,Stage manager,25,cooking
26,josephbrennan,Pharmacologist,36,fishing
27,sarahcampos,Scientist,40,video games
28,morganbrianna,Event organiser,24,skiing
29,adrianzimmerman,Barrister's clerk,13,baking
30,carlosjohnson,Worker,3,running
31,palmerjoshua,Laborer,50,fishing
32,ambercummings,Worker,15,chess
33,brownjessica,Worker,25,gardening
34,jamesherrera,Nurse,41,piano
35,nancyjones,Statistician,24,gaming
36,williamsyvette,Electrician,23,painting
37,housemelinda,Scientist,18,baking
38,tanyariley,Scientist,42,cooking
39,adkinsbrian,Musician,41,gaming
40,brianromero,Electronics engineer,35,woodworking
41,larsonemma,Farm manager,16,gaming
42,bethwilliams,Ceramics designer,30,photography
43,josephanderson,Hydrologist,18,martial arts
44,smithchristine,Surveyor quantity,41,baking
45,jonesjason,Geochemist,36,dancing
46,sarahibarra,Scientist,21,piano
47,josephjacobs,Engineer,15,piano
48,gracefarrell,Risk analyst,3,guitar
49,waltersmaria,Electrician,26,gardening
50,landryhannah,Worker,14,martial arts
51,davenportbrandi,Data scientist,37,video games
52,evelynestrada,Electrician,14,digging
53,theresacochran,Nurse,26,video games
54,whitesandra,Scientist,30,hiking
55,josephcobb,Plumber,9,dancing
56,jamessellers,Maintenance engineer,48,surfing
57,kellerraymond,Artist,17,woodworking
58,rasmussenjoshua,Sales executive,38,writing
59,beverlyterrell,Arboriculturist,38,photography
60,carlsonmichael,Electrician,15,hiking
61,cruzbarbara,Artist,32,cooking
62,fletcheraaron,Engineer,8,hiking
63,michaeljones,Scientist,11,guitar
64,elizabeth14,Scientist,28,collecting
65,elizabeth56,Hotel manager,5,photography
66,jamesortega,Teacher,39,knitting
67,christinaturner,Sports therapist,34,gardening
68,torresjason,TEFL teacher,36,chess
69,donnacampbell,Engineer,44,woodworking
70,clarence34,Worker,44,video games
71,dylanwilliams,Artist,49,gardening
72,gibsonolivia,Scientist,22,swimming
73,jennifercruz,Office manager,19,writing
74,dylanwatts,Clinical biochemist,11,knitting
75,bryantlaurie,Set designer,1,woodworking
76,stephanie79,Retail merchandiser,47,gardening
77,maryramirez,Artist,49,gaming
78,josephflores,Artist,7,chess
79,taylorjesse,Scientist,20,piano
80,calebrussell,Scientist,33,collecting
81,gateskathy,Laborer,10,hobbying
82,tracynelson,Product Manager,35,scuba diving
83,priceelizabeth,Ophthalmologist,34,martial arts
84,marycalhoun,Engineer,39,cycling
85,meadowsbrittany,Aid worker,32,reading
86,cookemichael,Broadcast presenter,8,martial arts
87,websterstefanie,Electrician,20,dancing
88,howelljohn,Public librarian,4,dancing
89,elliottjeffery,Musician,6,cooking
90,tamirodriguez,Nurse,5,scuba diving
91,charlesvaughn,Financial manager,35,scuba diving
92,terrykevin,Tourism officer,9,hiking
93,hoganashlee,Scientist,31,surfing
94,alexander67,Product Manager,17,camping
95,bzimmerman,Editor commissioning,39,writing
96,christina87,Laborer,35,scuba diving
97,blackjames,Financial controller,47,baking
98,hannahbrewer,Recycling officer,13,baking
99,javierwashington,Theme park manager,20,photography
100,michaelturner,Scientist,42,hobbying
101,joshuamccann,Nurse,34,knitting
102,salasaudrey,Worker,16,dancing
103,lalexander,Worker,22,reading
104,moralescharles,Astronomer,38,surfing
105,edwardhart,Industrial buyer,15,skiing
106,mcknightdavid,Laborer,1,cooking
107,kimberlyjames,Probation officer,46,digging
108,michelle64,Engineer,15,cooking
109,colleenbaker,Ceramics designer,3,chess
110,johnarnold,Designer graphic,22,cooking
111,ortizhannah,Artist,16,gardening
112,rebekahserrano,Building surveyor,43,birdwatching
113,martinkyle,Laborer,35,hiking
114,prestonjessica,Trade mark attorney,47,martial arts
115,harrisonricky,Musician,37,birdwatching
116,gibsonleonard,Jewellery designer,16,guitar
117,cordovarichard,Nurse,27,painting
118,sandovalamy,Patent attorney,7,swimming
119,lopezmichael,Scientist,28,hobbying
120,jennifercollins,Teacher,27,knitting
121,pvalentine,Engineer,44,digging
122,stephenthomas,Scientist,7,traveling
123,michellehill,Patent examiner,26,woodworking
124,campbellkenneth,Theatre manager,22,guitar
125,tylerjohnson,Retail buyer,7,dancing
126,harrisontanya,Lexicographer,13,painting
127,younggabrielle,Artist,29,hiking
128,juliehamilton,Teacher,12,gardening
129,wallaceheather,Air cabin crew,30,dancing
130,nguyenbrian,Mechanical engineer,5,knitting
131,georgemiller,Artist,7,traveling
132,tyleraguilar,Exhibition designer,42,surfing
133,elizabeth74,Sports coach,1,cooking
134,charleslandry,Theatre manager,49,chess
135,danielle64,Laborer,11,writing
136,youngashley,Nurse,31,painting
137,victoria40,Teacher,4,gaming
138,catherinegomez,Energy manager,25,reading
139,parkerscott,TEFL teacher,25,gardening
140,kristinwalter,Medical secretary,30,fishing
141,michelleramsey,Teacher,45,woodworking
142,christopher60,Geneticist molecular,36,running
143,gibsonemily,Nurse,10,painting
144,leonardthomas,Plumber,14,traveling
145,tblankenship,Musician,48,surfing
146,taylorsophia,Industrial buyer,4,woodworking
147,paulwatson,Electrician,4,traveling
148,nicolepena,Musician,31,camping
149,vaughnjeff,Artist,11,traveling
150,melissagarcia,Mental health nurse,33,cooking
151,rushmadison,Chemist analytical,12,cooking
152,darleneharper,Musician,5,running
153,buchananjohn,Comptroller,16,photography
154,caseyhubbard,Worker,37,dancing
155,kristinacarlson,Musician,39,traveling
156,vanessafernandez,Musician,6,writing
157,guerreroanthony,Scientist,38,skiing
158,alvarezkimberly,Artist,21,martial arts
159,hayesjeffrey,Plumber,14,running
160,acostaregina,Electrician,16,gardening
161,henryrenee,Buyer retail,26,hiking
162,morriseddie,Scientist,42,fishing
163,mcguiredanny,Structural engineer,30,cycling
164,russellbeasley,Patent attorney,49,martial arts
165,edwardslarry,Freight forwarder,5,reading
166,stephanie71,Chemist analytical,30,collecting
167,daviscolin,Microbiologist,37,swimming
168,angelawillis,Worker,35,painting
169,elizabeth65,Pharmacologist,33,gardening
170,schmittcaroline,Product Manager,23,video games
171,lynchdiane,Worker,16,hobbying
172,whitejacqueline,Insurance broker,19,gaming
173,davisalyssa,Nurse,35,baking
174,craigjoseph,Photographer,20,collecting
175,walkertracey,Automotive engineer,42,camping
176,harrissierra,Engineer,43,piano
177,omarpadilla,Artist,20,martial arts
178,stevenschristian,Intelligence analyst,43,swimming
179,burchgeorge,Product Manager,17,swimming
180,fosterkyle,Librarian academic,7,woodworking
181,masonjackson,Artist,10,gardening
182,schmidtjames,Magazine journalist,19,collecting
183,thomasjames,Town planner,14,baking
184,kathleenrios,Editor film/video,22,painting
185,kmaldonado,IT trainer,44,digging
186,brittany58,Buyer retail,17,camping
187,marcalvarez,Nurse,17,video games
188,benjaminzimmerman,Engineer,6,digging
189,michaelhardin,Naval architect,28,piano
190,rschroeder,Therapist sports,18,traveling
191,mccormickdeborah,Brewing technologist,1,cycling
192,jennifer92,Product Manager,41,gardening
193,aguilardonald,Maintenance engineer,11,woodworking
194,collinsnicholas,Nurse,36,baking
195,elizabethcalderon,Teacher,36,reading
196,lucasrodney,Medical illustrator,8,cooking
197,matthewmiranda,Product Manager,35,traveling
198,stanleynancy,Electrician,38,surfing
199,carlamoore,Product Manager,28,hiking
200,jenniferwilliams,Engineer,20,hobbying
201,tarabishop,Engineer,23,painting
202,amandacollins,Scientist,16,running
203,michealvalentine,Prison officer,7,hobbying
204,moniquewilliams,Quarry manager,50,surfing
205,mitchellkathryn,Teacher,40,woodworking
206,jwhitehead,Product Manager,16,chess
207,pottsjeffrey,Product Manager,12,video games
208,anthonygalvan,Legal executive,27,reading
209,devinmitchell,Public house manager,12,woodworking
210,katherineharrison,Warden/ranger,22,guitar
211,bullockandrew,Engineer structural,27,guitar
212,srodriguez,Field seismologist,43,chess
213,chenbailey,Cytogeneticist,48,guitar
214,ashleylopez,Laborer,18,gaming
215,myerstheodore,Naval architect,45,swimming
216,cooperjessica,Teacher,3,chess
217,bryanparsons,Programmer systems,31,dancing
218,carterbradley,Laborer,30,hobbying
219,stewartkyle,Plumber,15,dancing
220,justinatkins,Art gallery manager,2,running
221,acostachristian,Town planner,13,photography
222,murphykenneth,Product designer,22,gardening
223,melindagregory,Worker,50,gardening
224,martinezjoel,Electrician,42,camping
225,alyssasanders,Teacher,44,piano
226,susanjohnson,Electronics engineer,35,cycling
227,greenjorge,Product designer,2,swimming
228,wendymitchell,Recycling officer,17,gaming
229,davidfarrell,Production engineer,38,gardening
230,rachelwallace,Engineer,7,collecting
231,elizabeth18,Teacher,23,woodworking
232,patricia22,Medical illustrator,21,writing
233,davidharris,Corporate treasurer,39,camping
234,kristyjohnson,Surveyor building,8,photography
235,jonesraymond,Quality manager,37,painting
236,martinezlogan,Buyer retail,17,traveling
237,katrinaanderson,Retail buyer,46,writing
238,guerraapril,Industrial buyer,1,camping
239,fernandodonovan,Artist,44,woodworking
240,kingcynthia,Structural engineer,48,woodworking
241,georgeweber,Scientist,13,hobbying
242,millerstacy,Technical author,28,cooking
243,jimenezcourtney,Scientist,22,collecting
244,scottwashington,Engineer electronics,21,running
245,catherine55,Location manager,8,woodworking
246,floressteven,Plumber,33,fishing
247,robertspatrick,Warden/ranger,43,writing
248,tyronerobertson,Electrician,26,baking
249,jordannicole,Medical secretary,19,surfing
250,hudsonjames,Product Manager,13,writing
251,andersoncolin,Scientist,25,running
252,carriemorales,Product Manager,40,skiing
253,williamsjennifer,Plumber,26,surfing
254,ghernandez,Engineer,20,fishing
255,brittney88,Site engineer,14,writing
256,jennifersilva,Doctor hospital,38,collecting
257,rhernandez,Financial manager,42,cycling
258,armstrongjackie,Nurse,29,knitting
259,alexanderrobert,Scientist,14,camping
260,roberthampton,Nurse,48,gaming
261,thorntonapril,Surveyor mining,43,cooking
262,stephanie24,Plumber,33,running
263,stephanie15,Scientist,40,cycling
264,gilbertbrenda,Financial manager,6,piano
265,santiagoamanda,Laborer,44,fishing
266,garciamark,Public house manager,15,guitar
267,maldonadoderrick,Statistician,13,hiking
268,richarddonovan,Publishing copy,2,traveling
269,amandasharp,Laborer,31,collecting
270,robertmonroe,Worker,30,writing
271,hebertmatthew,Scientist,37,painting
272,riverajessica,Furniture designer,46,baking
273,alexisrogers,Hotel manager,25,birdwatching
274,gregorychase,Optician dispensing,26,dancing
275,frobertson,Oncologist,10,digging
276,lopezdonald,Jewellery designer,45,reading
277,marshallerik,Retail buyer,49,chess
278,jeffreyanderson,Worker,50,writing
279,kathleenbecker,Laborer,12,guitar
280,foxallison,Medical illustrator,45,camping
281,starkdaniel,Nurse,4,surfing
282,ashleyhernandez,Laborer,8,knitting
283,williambryant,Product Manager,30,running
284,fosterlisa,Artist,36,collecting
285,williamsmelvin,Bonds trader,21,scuba diving
286,michaelcesar,Public house manager,29,collecting
287,mitchellhector,Artist,28,piano
288,desireebailey,Artist,29,video games
289,sharonhardy,Product Manager,48,chess
290,pachecorobert,Administrator sports,31,knitting
291,jamiegarcia,Analytical chemist,17,scuba diving
292,sanchezbradley,Laborer,41,gardening
293,amberwebster,Artist,32,digging
294,williamroberts,Laborer,18,knitting
295,conniesimmons,Worker,46,fishing
296,comptonshelly,Laborer,18,cycling
297,nicholas87,Financial adviser,21,video games
298,kevinzimmerman,Artist,6,hiking
299,nicholsmaria,Product Manager,15,photography
300,nicholas99,Archaeologist,45,hiking
301,lopezkathleen,Laborer,5,writing
302,timothybooth,Learning mentor,27,cycling
303,suzannewilson,Quality manager,35,knitting
304,heatherpadilla,Teacher,4,painting
305,andrearowe,Teacher,25,video games
306,nathangutierrez,Surveyor quantity,50,skiing
307,joycesmith,Engineer,49,skiing
308,jonathan77,Psychiatrist,25,birdwatching
309,jessicabell,Engineer,23,fishing
310,warrenmary,Cabin crew,49,photography
311,duranrobert,Teacher,35,woodworking
312,mannalbert,Risk analyst,48,surfing
313,patelrobert,Musician,15,birdwatching
314,veronicaperez,Catering manager,15,gardening
315,davisnicholas,Teacher,32,reading
316,christopherbruce,Teacher,22,running
317,jacobsonsamantha,Event organiser,44,guitar
318,rachelschwartz,Tax adviser,26,woodworking
319,sarahedwards,Product Manager,30,martial arts
320,karenmarquez,Product Manager,40,surfing
321,petersonkayla,Engineer,26,skiing
322,walterskristen,Musician,43,reading
323,christopherjordan,Worker,42,writing
324,michelle04,Patent attorney,9,chess
325,ashleyjackson,Nurse,12,traveling
326,dominicturner,Plumber,25,cycling
327,bryanhamilton,Pharmacist community,14,knitting
328,stephentaylor,Electrician,22,scuba diving
329,kevinmorrison,Teacher,18,scuba diving
330,markramirez,Teacher,17,piano
331,erinpierce,Worker,31,reading
332,samuelcarter,Broadcast presenter,48,surfing
333,jacqueline89,Engineer,23,dancing
334,vrasmussen,Scientist,5,scuba diving
335,smithjonathan,Scientist,3,scuba diving
336,michaeljohnson,Engineer,16,painting
337,michaelcooper,Engineer maintenance,2,collecting
338,sweeneydeborah,Product Manager,16,hiking
339,zacharyarnold,Nurse,43,swimming
340,shannonjordan,Musician,14,knitting
341,jamiegoodwin,Biomedical scientist,45,gardening
342,lloydamanda,Medical secretary,50,hobbying
343,baileymegan,Product Manager,39,collecting
344,lisamccarthy,Worker,50,piano
345,powerslawrence,Field trials officer,11,fishing
346,fhenderson,Soil scientist,7,skiing
347,angelaburns,Engineer,20,skiing
348,leonardhayes,Astronomer,44,martial arts
349,stephanie72,Teacher,26,baking
350,flynnjeffrey,Laborer,5,skiing
351,xcunningham,Scientist,16,swimming
352,armstrongjoseph,Plumber,44,collecting
353,veronicagarcia,Firefighter,8,guitar
354,michelle96,Musician,3,hobbying
355,hudsonamanda,Artist,28,running
356,mariopadilla,Electrician,5,camping
357,stephanie81,Scientist,22,reading
358,jacquelineanderson,Teacher,32,swimming
359,barbaraadams,Patent examiner,28,hobbying
360,powellkara,Merchandiser retail,41,video games
361,meltonmelanie,Nurse,46,hiking
362,tammysummers,Teacher,12,woodworking
363,ashleewashington,Artist,42,gardening
364,williamsconnie,Psychiatric nurse,40,guitar
365,martinezmia,Prison officer,35,scuba diving
366,wendyblankenship,Immigration officer,31,knitting
367,nancymcdowell,Teacher,47,skiing
368,sanderskevin,Facilities manager,18,cycling
369,smiththomas,Laborer,6,gardening
370,aprilwallace,Nurse,16,scuba diving
371,crosscurtis,Intelligence analyst,30,skiing
372,darlenebyrd,Broadcast presenter,40,running
373,bishopfrank,Teacher,22,reading
374,courtneyhernandez,Nurse,21,gaming
375,taylordavid,Music tutor,32,painting
376,joshuamiller,Electrician,17,cycling
377,kimberly04,Engineer land,18,video games
378,juliephillips,Musician,45,video games
379,troyrodriguez,Restaurant manager,18,surfing
380,ricetiffany,Media planner,1,camping
381,smithcarlos,Laborer,6,dancing
382,zhenderson,Charity fundraiser,47,writing
383,joshuacollins,Nurse,36,scuba diving
384,terrimoore,Journalist newspaper,16,baking
385,collinssamuel,Field trials officer,31,digging
386,sanchezsandy,Nurse,29,guitar
387,elizabeth21,Engineer,6,fishing
388,jacquelinemartin,Laborer,26,baking
389,wiseanthony,Pilot airline,16,fishing
390,alexandria49,Camera operator,43,skiing
391,porterashley,Mental health nurse,24,birdwatching
392,jonathangarcia,Artist,34,hobbying
393,perezwilliam,Teacher,48,surfing
394,sanchezthomas,Music therapist,22,hobbying
395,haroldhorne,Animal technologist,45,knitting
396,margaret95,Plumber,20,gardening
397,whitelinda,Laborer,8,woodworking
398,kellymueller,Laborer,21,swimming
399,stevenvargas,Artist,49,baking
400,jessicapayne,Financial trader,12,painting
401,amberfields,Acupuncturist,14,woodworking
402,harristonya,Personnel officer,31,gardening
403,christopher38,Musician,49,camping
404,wagnerdana,Nurse mental health,39,fishing
405,vargasbryan,Worker,13,fishing
406,kellyrosales,Laborer,24,gaming
407,hardingderek,Plumber,1,baking
408,moorefrank,Artist,9,gardening
409,shannonford,Engineer,4,surfing
410,lewismelissa,Data scientist,19,baking
411,dawsontanya,Product Manager,41,chess
412,anthonysullivan,Production manager,49,birdwatching
413,codygarcia,Worker,1,skiing
414,smithmaria,Plumber,31,birdwatching
415,jamesmorales,Chartered accountant,29,cycling
416,samantha10,Bookseller,12,traveling
417,rachelramos,Plumber,31,swimming
418,steinmaria,Worker,26,birdwatching
419,williamssteven,Dispensing optician,5,skiing
420,zunderwood,Scientist,44,traveling
421,reyesronald,Product Manager,10,guitar
422,rebekahhill,Product designer,37,fishing
423,austinharvey,Financial trader,6,dancing
424,millerpatrick,Personnel officer,8,surfing
425,dawnrobles,Fisheries officer,49,writing
426,mayokimberly,Mechanical engineer,39,collecting
427,stokesthomas,Materials engineer,40,dancing
428,terrigarcia,Financial adviser,50,camping
429,joelstewart,Mechanical engineer,25,knitting
430,warnermichael,Tax inspector,29,fishing
431,carolynsmith,Purchasing manager,38,writing
432,riverachristina,Plumber,37,collecting
433,jennifer50,Engineer,40,woodworking
434,brendastark,Worker,49,painting
435,rogersmarcus,Scientist,14,gardening
436,whitelucas,Veterinary surgeon,43,cooking
437,daniellegarcia,Product Manager,16,gaming
438,markmiller,Artist,5,gaming
439,heatherbell,Engineer,27,knitting
440,williamssamuel,Personnel officer,45,collecting
441,nicolesnyder,Nurse,19,traveling
442,franciscojones,Analytical chemist,15,fishing
443,petersonpamela,Designer multimedia,46,fishing
444,paynerachael,Nurse,5,running
445,reynoldsdesiree,Laborer,17,guitar
446,williamsashley,Recycling officer,41,skiing
447,briansmith,Scientist,13,writing
448,collinclark,Worker,35,dancing
449,wellsdarrell,Scientist,10,martial arts
450,christopher86,Electrical engineer,18,piano
451,hernandezheather,Product Manager,5,traveling
452,barnettlindsey,Patent attorney,11,guitar
453,angelarandall,Plumber,39,woodworking
454,parmstrong,Publishing copy,37,martial arts
455,christian08,Plumber,29,swimming
456,stacyjackson,Engineer mining,30,baking
457,davidhenderson,Plumber,45,photography
458,wendyburton,Plumber,33,surfing
459,buchanancindy,Nurse,29,cooking
460,jrodriguez,Data scientist,39,traveling
461,buckleyanna,Chiropractor,28,woodworking
462,brandonalvarez,Electrician,39,gardening
463,kevinmanning,Engineer,6,dancing
464,scottmcintyre,Optometrist,44,piano
465,robertsonerik,Musician,38,reading
466,thompsonnancy,Scientist,18,skiing
467,wrightstephen,Media planner,3,scuba diving
468,joshuacolon,Risk analyst,49,gaming
469,allentracy,Product designer,31,camping
470,susanwells,Structural engineer,42,knitting
471,mercedesholland,Engineer maintenance,18,gaming
472,wellsdavid,Early years teacher,38,writing
473,walkercharlene,Scientist,32,cooking
474,smithyvonne,Minerals surveyor,31,hobbying
475,rogersjoshua,Teacher,22,cycling
476,zacharyallen,Scientist,7,chess
477,jenniferrios,Hotel manager,11,cycling
478,aguilarwanda,Energy manager,27,baking
479,julieparker,Nurse,19,running
480,ruizmichelle,Teacher,49,surfing
481,kennedyjames,Engineer,30,cooking
482,pittsedward,Electrician,17,cycling
483,lesliebaldwin,Catering manager,8,scuba diving
484,tracygallagher,Teacher,33,piano
485,christinaschultz,Operations geologist,1,running
486,johnsonjames,Artist,30,writing
487,mcclainkatherine,Set designer,4,painting
488,andrewsmith,Fish farm manager,34,hobbying
489,heathercooper,Musician,49,birdwatching
490,reyesbrianna,Scientist,29,scuba diving
491,colonkenneth,Engineer,14,gardening
492,jasonjohnson,Retail merchandiser,36,hiking
493,daviddawson,Plumber,29,video games
494,wheelerbrandon,Nurse,8,reading
495,williamsdarrell,Producer radio,41,collecting
496,turnerdorothy,Laborer,46,gaming
497,huntchristine,Heritage manager,20,surfing
498,glovertyler,Transport planner,1,surfing
499,kimberlydecker,Engineer drilling,27,cooking
500,kelleyrenee,Quarry manager,15,piano
501,conleyelizabeth,Worker,30,swimming
502,chancharles,Chiropractor,42,piano
503,phelpsmichael,Intelligence analyst,10,birdwatching
504,smithdevon,Doctor hospital,46,fishing
505,danielhorton,Barrister's clerk,33,baking
506,dalepruitt,Plumber,27,piano
507,arodriguez,Prison officer,31,birdwatching
508,browndiana,Laborer,30,surfing
509,tiffanysantiago,Lexicographer,10,photography
510,reynoldsjessica,Laborer,39,camping
511,elizabeth62,Surveyor insurance,48,video games
512,smithsarah,Risk analyst,9,chess
513,kchristian,Cabin crew,5,gardening
514,stevenslaurie,Teacher,22,martial arts
515,gatessergio,Commissioning editor,33,gardening
516,powellbarry,Stage manager,1,fishing
517,petersenlatoya,Water engineer,47,fishing
518,velasquezmegan,Musician,38,running
519,aaronkelly,Nurse,10,knitting
520,jacqueline02,Artist,31,hobbying
521,lydianewton,Electrician,36,scuba diving
522,conradphilip,Programmer systems,35,photography
523,jenniferrodriguez,Patent examiner,30,martial arts
524,bartonshannon,Theme park manager,21,chess
525,tamarasmith,Art therapist,13,baking
526,heatherthompson,Laborer,37,photography
527,hughescaroline,Laborer,50,writing
528,joshuastuart,Hospital pharmacist,3,cycling
529,jamesweber,Nurse,46,martial arts
530,samantha22,Retail manager,25,photography
531,jennifer58,Quantity surveyor,43,guitar
532,johnsondustin,Scientist,10,birdwatching
533,josephfloyd,Engineer,9,camping
534,karenjohnson,Production manager,38,cycling
535,jensenemma,Worker,29,swimming
536,juliahoffman,Field seismologist,34,martial arts
537,kimberlybrandt,Hospital pharmacist,30,reading
538,lopezglenn,Product Manager,27,chess
539,bennettroy,Scientist,10,cooking
540,riverajenna,Nurse,17,cycling
541,hernandezmarcus,Musician,45,photography
542,susanmeyer,Risk analyst,42,cooking
543,robertherrera,Electrician,44,chess
544,wilsonmichael,Financial adviser,35,photography
545,susanfleming,Electrician,41,baking
546,lukemiller,Nurse,35,traveling
547,teresaayala,Musician,5,dancing
548,michellecoleman,Scientist,44,martial arts
549,amandapark,Plumber,15,woodworking
550,burgesseric,Psychiatric nurse,6,writing
551,benjamin10,Worker,49,digging
552,nicholsdarlene,Water engineer,46,chess
553,avilabrenda,Buyer industrial,7,knitting
554,catherine47,Product Manager,45,fishing
555,julierobles,Sports administrator,2,traveling
556,davidsmith,Electrician,4,fishing
557,gwhitehead,Electrician,24,writing
558,jackjensen,Product Manager,16,camping
559,dannylambert,Tax adviser,27,skiing
560,jessicafreeman,Scientist,12,gaming
561,christine35,Product Manager,6,collecting
562,edwardskristen,Press photographer,25,collecting
563,wilkinsonmichele,Scientist,16,birdwatching
564,josemercado,Camera operator,38,hiking
565,mcclainmelissa,Airline pilot,15,knitting
566,stevendixon,Scientist,17,knitting
567,katherinetaylor,Designer jewellery,17,running
568,ashleyknight,Engineer,30,video games
569,kathleenhall,Geneticist molecular,19,running
570,hoopermario,Artist,11,cooking
571,nicholasgray,Theatre manager,29,hobbying
572,blacknicholas,Musician,20,digging
573,jerryrobertson,Health visitor,28,baking
574,edwardmoore,Town planner,17,knitting
575,guerrerorobert,Plumber,13,photography
576,olsontimothy,Engineer materials,31,swimming
577,deborahjenkins,Financial planner,16,photography
578,andersonbrittany,Contractor,37,hobbying
579,macdonalddylan,Musician,19,baking
580,johnsjessica,Herpetologist,19,reading
581,robinsoncatherine,Scientist,26,gardening
582,laurahoover,Engineer,37,chess
583,smithalexandra,Retail merchandiser,44,scuba diving
584,thompsonrachel,Tourism officer,48,traveling
585,richamanda,Musician,48,birdwatching
586,olsondavid,Toxicologist,19,scuba diving
587,princekimberly,Laborer,39,guitar
588,reneemiller,Therapist sports,23,dancing
589,brooksjamie,Interpreter,41,painting
590,adkinssean,Musician,17,running
591,lewisrichard,Lexicographer,49,woodworking
592,martintamara,Scientist,44,piano
593,morrowthomas,Tourism officer,9,digging
594,nathanlynch,Music tutor,7,video games
595,jennifer90,Scientist,42,traveling
596,christinacraig,Media buyer,20,guitar
597,dianacantrell,Nurse,3,skiing
598,kimberly56,Optician dispensing,24,woodworking
599,aprilmclaughlin,Broadcast presenter,9,cooking
600,dunnjessica,Plumber,21,woodworking
601,shawnpowell,Teacher,12,painting
602,gordonmatthew,Product Manager,35,video games
603,olsonjonathan,Electrician,34,camping
604,haynesjose,Plumber,11,gardening
605,rosskaitlyn,Nurse,19,woodworking
606,spencergregory,Electrician,8,knitting
607,staceyvega,Energy manager,5,hiking
608,pmclaughlin,Financial controller,49,dancing
609,loweelizabeth,Visual merchandiser,44,woodworking
610,duranamber,Scientist,26,chess
611,kvillanueva,Haematologist,36,hobbying
612,shawphillip,Worker,26,reading
613,craignicolas,Chiropractor,17,surfing
614,robertgoodwin,Worker,30,hobbying
615,tiffanyparks,Chiropodist,44,woodworking
616,thomassmith,Pharmacist community,44,gardening
617,rosshannah,Musician,25,piano
618,colematthew,Media planner,41,hobbying
619,jenkinsmichael,Worker,44,dancing
620,barbarasantos,Nurse,2,collecting
621,tiffanymitchell,Artist,21,martial arts
622,jamesjustin,Musician,15,digging
623,daniellemcfarland,Pharmacist community,5,digging
624,martinjeremy,Investment analyst,30,martial arts
625,jennifer96,Geoscientist,45,fishing
626,lgutierrez,Advice worker,42,writing
627,jessicastanley,Cartographer,8,hiking
628,garrettgarcia,Bonds trader,3,traveling
629,anthonyalvarado,Journalist magazine,20,birdwatching
630,brittanybryant,Worker,7,dancing
631,lindaramos,Medical secretary,35,hiking
632,mauriceharrison,Teacher,30,hobbying
633,laurakelley,Energy engineer,43,woodworking
634,christian38,Video editor,45,surfing
635,derrickrodriguez,Teacher,38,woodworking
636,brandonnichols,Electronics engineer,47,hiking
637,campbelldavid,Teacher,42,swimming
638,halledward,Nurse,40,writing
639,matthewcollins,Plumber,3,baking
640,bridgesstephanie,Electrician,14,knitting
641,kimberly18,Nurse,16,chess
642,jamesskinner,Electrician,7,running
643,martinezkayla,Fish farm manager,24,surfing
644,joanjohnson,Psychiatrist,42,hobbying
645,kingdanielle,Engineer,26,gardening
646,cynthianguyen,Laborer,8,chess
647,novakbianca,Nurse,6,running
648,nathandavis,Laborer,42,digging
649,tonystewart,Surveyor insurance,39,reading
650,norrismichael,Contractor,4,guitar
651,caseymoore,Hotel manager,22,dancing
652,kimberly35,Biomedical scientist,9,guitar
653,gregoryjohnson,Clinical biochemist,37,painting
654,smithsamantha,Worker,49,surfing
655,mcdonalddanielle,Media planner,14,skiing
656,colonjoseph,Laborer,15,cycling
657,davenportchristian,Product Manager,39,reading
658,garciajerry,Plumber,10,hiking
659,jamessandoval,Artist,17,guitar
660,angelagrant,Product Manager,8,running
661,laurapierce,Retail merchandiser,2,hiking
662,charlene98,Engineer site,1,hobbying
663,clintonstevens,Designer furniture,16,skiing
664,josephpreston,Fisheries officer,21,reading
665,jonathanevans,Product Manager,17,traveling
666,cummingslaura,Early years teacher,9,woodworking
667,larsonkevin,Technical author,27,camping
668,kanejeremy,Town planner,8,woodworking
669,walterscrystal,Worker,31,knitting
670,brentdennis,Electrician,33,skiing
671,walkerkeith,Nurse mental health,7,knitting
672,davidmiller,Teacher music,33,dancing
673,kelleyjose,Oceanographer,40,traveling
674,timothygonzalez,Scientist,34,fishing
675,rodriguezrobert,Medical secretary,30,digging
676,carrillogary,Maintenance engineer,2,traveling
677,glassjesus,Nurse,26,writing
678,katherinefarrell,Scientist,7,birdwatching
679,sanchezchristine,Data scientist,46,martial arts
680,alexander14,Nurse,5,video games
681,jamesmills,Worker,21,collecting
682,bennettrebecca,Product Manager,5,hiking
683,scottbrian,Plumber,40,digging
684,michelle04,Musician,36,baking
685,tinaromero,Electrician,25,collecting
686,lopezvincent,Programmer systems,34,fishing
687,williamssandra,Nurse,33,collecting
688,gabrielle54,Fashion designer,28,swimming
689,raymondstacy,Worker,42,digging
690,matthewlong,Artist,47,chess
691,blairabigail,Video editor,14,writing
692,robertberry,Nurse,15,writing
693,jamietaylor,Electrician,30,photography
694,michelleparker,Teacher,47,swimming
695,russellstout,Electrician,28,cycling
696,lonniegrant,Commissioning editor,43,gardening
697,lonniehobbs,Electrician,10,running
698,daniellopez,Veterinary surgeon,31,cooking
699,catherine93,Worker,6,cooking
700,jerryjohnson,Cartographer,28,swimming
701,melissahenry,Electrician,9,surfing
702,jamesjohnson,Engineer,38,surfing
703,stephanie33,Engineer energy,36,cycling
704,thompsonstephanie,Scientist,8,writing
705,ronaldparsons,Translator,23,chess
706,meyershannon,Scientist,49,writing
707,aprilfoster,Archaeologist,47,traveling
708,robertoaustin,Plumber,39,fishing
709,stevenlucas,Chemical engineer,23,swimming
710,whitebrenda,Sports coach,37,camping
711,phillipmorris,Laborer,10,running
712,shawnmosley,Engineer drilling,31,dancing
713,jennifermartinez,Worker,23,chess
714,nicholasjames,Doctor hospital,36,hobbying
715,haroldjoseph,Personnel officer,8,scuba diving
716,davidanderson,Engineer electrical,18,skiing
717,deanjohnny,Proofreader,15,guitar
718,franklintrevor,Engineer water,28,chess
719,christine83,Artist,50,piano
720,eddiedelgado,Musician,40,running
721,melissaestrada,Toxicologist,42,surfing
722,butlergregory,Engineer,39,martial arts
723,tammycurry,Media buyer,43,piano
724,daviskevin,Merchandiser retail,45,gardening
725,cherylrodriguez,Seismic interpreter,2,gaming
726,jeanettekrause,Plumber,45,scuba diving
727,johnsoncolleen,Plumber,22,hobbying
728,laurenduarte,Patent attorney,1,gaming
729,alexharris,Product Manager,37,running
730,collierjames,Lexicographer,26,cooking
731,zhendricks,Animal technologist,10,woodworking
732,timothyburton,Software engineer,41,reading
733,morgannicholas,Social researcher,6,woodworking
734,ashleyprice,Artist,14,photography
735,hancockkaren,Teacher,30,cycling
736,nelsonchristopher,Field seismologist,11,hobbying
737,robinwallace,Plumber,47,cycling
738,matthewwebb,Musician,39,cooking
739,kimberly21,Engineer,10,gaming
740,jamiejohnson,Naval architect,49,collecting
741,smithsarah,Therapist music,4,running
742,cookpamela,Worker,18,knitting
743,ericwilson,Scientist,28,birdwatching
744,clarkmichael,Musician,29,writing
745,georgecollins,Lexicographer,18,painting
746,reyeschristopher,Nurse children's,49,camping
747,janetvance,Product designer,8,hobbying
748,beltrankatelyn,Teacher,8,fishing
749,christopherlang,Psychotherapist,44,running
750,bryantgabrielle,Musician,32,camping
751,michellejensen,Medical physicist,43,fishing
752,kristina57,Ranger/warden,3,dancing
753,jonesdaniel,Quality manager,26,collecting
754,ssingleton,Engineer,1,painting
755,williamsullivan,Clinical biochemist,20,painting
756,christinekelley,Product Manager,49,gardening
757,stevensonjennifer,Plumber,21,swimming
758,vargassteven,Engineer,32,woodworking
759,shortgregory,Optician dispensing,28,gaming
760,georgegina,Product Manager,25,surfing
761,shermandonna,Production manager,46,dancing
762,veronica90,Veterinary surgeon,33,surfing
763,ryanlawrence,Scientist,23,cooking
764,elainewells,Teacher,48,traveling
765,dennisjones,Administrator sports,28,reading
766,jennifertucker,Nurse,5,chess
767,christophermay,Pathologist,21,skiing
768,jessicafox,Teacher,37,photography
769,sanchezcrystal,Careers adviser,46,digging
770,harrisonwilliam,Teacher,19,swimming
771,austinlivingston,Industrial buyer,26,reading
772,ashleydouglas,Electrician,11,guitar
773,mitchellchristopher,Risk analyst,40,knitting
774,yorkjoshua,Electrician,6,writing
775,munozrenee,Worker,16,writing
776,kimberly37,Musician,26,camping
777,cooperchristopher,Worker,26,chess
778,marymullins,Plumber,48,cycling
779,jasonnavarro,Location manager,15,cycling
780,williamssteven,Publishing copy,50,gaming
781,davisamanda,Worker,33,digging
782,jessicachapman,Worker,34,camping
783,chambersmarie,Laborer,50,hobbying
784,johnathan00,Electrician,47,piano
785,brownbrooke,Engineer water,42,piano
786,ericksondavid,Product Manager,16,swimming
787,nicholasgallagher,Systems developer,10,gardening
788,pauladominguez,Forensic scientist,13,gaming
789,kimberlyramirez,Biomedical engineer,39,hiking
790,stephanie42,Prison officer,49,scuba diving
791,vasquezsarah,Scientist,5,gaming
792,thomaskayla,Scientist,32,knitting
793,gainesjennifer,Musician,49,skiing
794,jonesashley,Nurse,44,martial arts
795,denisesmith,Musician,42,digging
796,fernandezaaron,Musician,21,chess
797,bradleysavannah,Mechanical engineer,41,cycling
798,diazmelissa,Librarian public,10,knitting
799,randallkathleen,Worker,31,knitting
800,gregorywilliams,Music tutor,41,fishing
801,mccoymichael,Chartered accountant,18,skiing
802,leejennifer,Engineer,23,camping
803,tracybrown,Worker,20,knitting
804,morganmatthew,Nurse,3,traveling
805,johnsondonald,Electrician,19,cooking
806,sanchezdeborah,Scientist,6,collecting
807,cynthiaconway,Musician,33,photography
808,meyersdaniel,Nurse,38,surfing
809,bryanharris,Engineer,29,martial arts
810,marcoconnell,Engineer production,37,digging
811,watkinsmatthew,Laborer,21,collecting
812,andersonkylie,Video editor,31,camping
813,bstrickland,Product Manager,4,knitting
814,smithharry,Worker,22,baking
815,douglasnelson,Worker,33,digging
816,carlsonjennifer,Veterinary surgeon,12,traveling
817,burtonkimberly,Laborer,46,knitting
818,davidmoreno,Chief of Staff,29,camping
819,michelle88,Artist,40,gaming
820,ginaschmitt,Electrician,24,martial arts
821,brownmichael,Plumber,25,writing
822,buckleygregory,Air cabin crew,50,cycling
823,erobertson,Farm manager,44,collecting
824,coreyrojas,Engineer,41,digging
825,stephenlee,Mechanical engineer,22,cooking
826,ramirezdaniel,Electrician,7,surfing
827,kristinelittle,Veterinary surgeon,44,photography
828,belindatran,Event organiser,19,gardening
829,jenkinsaimee,Scientist,39,chess
830,johnhamilton,Product Manager,22,cooking
831,robinvillanueva,Pensions consultant,38,running
832,williamsthomas,Retail merchandiser,10,martial arts
833,simmonsphillip,Electrician,20,digging
834,steelerichard,Scientist,26,hiking
835,michaelallen,Chemical engineer,39,baking
836,castillokevin,Psychiatric nurse,6,fishing
837,braysteven,Artist,25,digging
838,cruzhannah,Set designer,22,piano
839,phillipskaren,Video editor,9,running
840,kristinmiller,Legal executive,45,piano
841,robertsonrenee,Medical physicist,48,running
842,rodriguezmichael,Water engineer,34,cooking
843,diazgregory,Scientist,43,writing
844,karenhodges,Artist,24,reading
845,harrisonamanda,Site engineer,24,fishing
846,patriciaellis,Catering manager,12,painting
847,rodriguezjoshua,Data scientist,22,scuba diving
848,nhernandez,Nurse,13,dancing
849,cartertara,Product Manager,10,cooking
850,thomasfisher,Plumber,7,camping
851,rachelparker,Artist,48,video games
852,toddarellano,Art gallery manager,34,traveling
853,michaelbryant,Scientist,22,video games
854,jennifermitchell,Musician,9,collecting
855,evanwilson,Investment analyst,25,hiking
856,annajohnson,Investment analyst,11,gaming
857,amandamartinez,Musician,11,woodworking
858,xvelazquez,Nurse,3,writing
859,cordovaamy,Electrician,44,woodworking
860,imccullough,Structural engineer,16,knitting
861,parkerrichard,Musician,19,scuba diving
862,franklinjames,Nurse,15,surfing
863,kimberlywang,Laborer,20,guitar
864,millermelissa,Nurse,13,hobbying
865,kerrmichael,Data scientist,44,skiing
866,mitchellmichael,Product designer,29,knitting
867,lewispamela,Pathologist,50,fishing
868,maryharper,Cytogeneticist,50,photography
869,kevinmcneil,Artist,34,writing
870,smithdanielle,Product Manager,13,guitar
871,jamescollier,Musician,9,chess
872,stephanie71,Plumber,4,digging
873,anthonyhubbard,Nurse,24,surfing
874,georgemichael,Quarry manager,7,baking
875,francisco02,IT consultant,34,chess
876,robertsalyssa,Camera operator,8,fishing
877,katiewhite,Worker,49,gaming
878,amybrennan,Illustrator,18,knitting
879,madeline02,Scientist marine,33,hiking
880,samantha21,Teacher,6,martial arts
881,wesleydecker,Laborer,29,video games
882,butlersabrina,Electrician,2,writing
883,sandramendoza,Engineer,26,camping
884,walkermelissa,Electrician,16,photography
885,colemankathryn,Worker,24,dancing
886,mcguirewilliam,Barrister's clerk,2,cycling
887,joneselizabeth,Worker,46,digging
888,thomasjulie,Health physicist,22,guitar
889,williamjones,Product Manager,9,traveling
890,ricejennifer,Plumber,31,baking
891,rachelmedina,Product Manager,49,baking
892,samanthayork,Nurse,29,collecting
893,whitemichael,Engineer,6,reading
894,urodriguez,Community pharmacist,17,painting
895,irodriguez,Product Manager,36,woodworking
896,murphydarrell,Herpetologist,39,camping
897,jacobsonleah,Mental health nurse,28,swimming
898,alexandercraig,Plumber,16,fishing
899,wilsonralph,Worker,4,dancing
900,figueroapatricia,Dispensing optician,27,digging
901,brookeewing,Musician,30,cooking
902,qrodriguez,Worker,32,collecting
903,garciabrian,Broadcast journalist,35,reading
904,kevinhanson,Camera operator,41,camping
905,cisnerosanthony,Musician,16,baking
906,reyesleonard,Product Manager,19,writing
907,angeladalton,Immunologist,1,collecting
908,travistaylor,Neurosurgeon,23,dancing
909,kgallagher,Recycling officer,37,writing
910,andersonmichael,Product Manager,43,running
911,hubbardcolleen,Worker,34,hobbying
912,pattersonvictoria,Worker,34,surfing
913,deborahwatkins,Brewing technologist,33,guitar
914,benjamin69,Scientist biomedical,33,surfing
915,stokescraig,Engineer land,2,photography
916,pittmanamanda,Nurse,3,digging
917,claudiarubio,Teacher,24,gardening
918,vargasjoshua,Tax adviser,48,reading
919,pearsonkevin,Hydrologist,23,guitar
920,robertking,Scientist biomedical,5,hobbying
921,nicoleburton,Laborer,47,running
922,barbaralewis,Scientist,7,scuba diving
923,boydmichael,Data scientist,38,woodworking
924,edwardjennings,Hydrologist,49,cycling
925,meghanadams,Product Manager,3,hobbying
926,jonathanburke,Optician dispensing,35,cycling
927,lauracollins,Scientist,12,piano
928,chenderson,Engineer drilling,50,running
929,josephjohnson,Health physicist,30,baking
930,dawnwilliams,Nurse,41,gaming
931,brownpeggy,Product Manager,5,baking
932,michelle65,Chemical engineer,50,knitting
933,joelduncan,Engineer,19,painting
934,mejialawrence,Engineer,13,video games
935,selenarobinson,Clinical biochemist,3,cycling
936,henrynicholas,Plumber,33,photography
937,brewerrebecca,Animal nutritionist,35,birdwatching
938,vazquezkristina,Film/video editor,17,traveling
939,nicholsjoel,Probation officer,49,digging
940,michelemartin,Laborer,19,hobbying
941,michelle77,Engineer,42,cycling
942,jennifer12,Games developer,18,swimming
943,bellcarrie,Electrician,28,video games
944,crystalgibbs,Teacher,48,knitting
945,moralescourtney,Teacher,22,gaming
946,rodriguezjohn,Nurse,45,birdwatching
947,jorgemcdaniel,Electrician,34,gardening
948,phillipbennett,Worker,47,writing
949,andrewjohnson,Surveyor insurance,6,writing
950,rebeccamccann,Musician,12,surfing
951,jacqueline20,Oncologist,19,cycling
952,rubiogeorge,Tax adviser,7,cooking
953,smithalicia,Professor Emeritus,21,running
954,jamesatkins,Plumber,20,knitting
955,wandacampbell,Energy engineer,39,baking
956,anthonycherry,Fashion designer,28,gaming
957,monicamccann,Nurse,23,knitting
958,jennifererickson,Engineer,47,chess
959,kingchristine,Immigration officer,23,collecting
960,carpenterjorge,Retail manager,28,gardening
961,christopherpage,Police officer,41,guitar
962,jorgeedwards,Engineer,5,running
963,carneysara,Scientist,26,hobbying
964,daviddavis,Herpetologist,33,guitar
965,mitchelltina,Scientist,11,reading
966,riverabradley,Product Manager,39,running
967,jasonwilliams,Heritage manager,29,traveling
968,paulpowell,Product Manager,5,dancing
969,evanslaurie,Scientist,24,hobbying
970,michaeldavis,Mental health nurse,25,skiing
971,tracymcclure,Publishing copy,3,collecting
972,ryansimmons,Product Manager,44,knitting
973,robertssamuel,Purchasing manager,24,hobbying
974,alexandraphillips,Art gallery manager,29,scuba diving
975,lowerywilliam,Worker,37,hiking
976,dgutierrez,Artist,24,photography
977,wilsondorothy,Editorial assistant,21,digging
978,meganwilliams,Plumber,16,swimming
979,christianhendrix,Futures trader,2,woodworking
980,hamiltonandrew,Product Manager,32,camping
981,smithdiana,Psychiatrist,25,martial arts
982,martinezalexander,Artist,8,gardening
983,hortonjacob,Aid worker,50,gardening
984,timothythomas,Financial controller,46,knitting
985,ywilkinson,Laborer,40,fishing
986,christophercarrillo,Data scientist,45,martial arts
987,hhenderson,Nurse,13,swimming
988,joannewallace,Radio producer,9,chess
989,jameshudson,Nurse children's,5,knitting
990,cookcurtis,Podiatrist,12,video games
991,benjamin67,Nurse,6,guitar
992,hendersonleslie,Bonds trader,44,chess
993,patricia67,Electrician,43,hobbying
994,jennifer66,Media buyer,46,cooking
995,justincurry,Artist,35,fishing
996,kiddmichael,Games developer,20,chess
997,romanmatthew,Product Manager,46,baking
998,davidwalker,Scientist,12,guitar
999,mccarthysara,Electrician,33,dancing
1000,villegaskimberly,Worker,13,guitar
